,dice,mohx,trofi,pub_14_metonymy,conmec
Llama-3.1-8B-Instruct,22.75449101796407,0.0,0.0,74.82993197278913,8.0
Llama-3.2-3B-Instruct,74.79674796747967,0.0,0.0,95.45454545454545,72.24157955865273
Llama-3.2-1B-Instruct,85.55399719495091,76.63551401869158,89.19631093544137,85.0,98.89705882352942
Qwen2-1.5B-Instruct,78.77758913412563,64.32748538011695,74.94423791821562,96.045197740113,70.43580683156655
Qwen2.5-0.5B-Instruct,73.85229540918164,66.66666666666666,82.70571827057182,98.34254143646409,89.44723618090453
Qwen2.5-7B-Instruct-1M,5.555555555555555,0.0,0.0,97.20670391061452,0.0
Qwen2.5-14B-Instruct-1M,0.0,0.0,0.0,87.8048780487805,0.0
